variant_id,participant_id,rsid,gene
1,uk1,rs1000,HERC2
2,uk2,rs1001,ABO
3,uk3,rs1002,BRCA1
4,uk1,rs1003,APOE
5,uk2,rs1004,HERC2
6,uk3,rs1005,ABO
7,uk1,rs1006,BRCA1
8,uk2,rs1007,APOE
9,uk3,rs1008,HERC2
10,uk1,rs1009,ABO
11,uk2,rs1010,BRCA1
12,uk3,rs1011,APOE
13,uk1,rs1012,HERC2
14,uk2,rs1013,ABO
15,uk3,rs1014,BRCA1
16,uk1,rs1015,APOE
17,uk2,rs1016,HERC2
18,uk3,rs1017,ABO
19,uk1,rs1018,BRCA1
20,uk2,rs1019,APOE
21,uk3,rs1020,HERC2
22,uk1,rs1021,ABO
23,uk2,rs1022,BRCA1
24,uk3,rs1023,APOE
25,uk1,rs1024,HERC2
26,uk2,rs1025,ABO
27,uk3,rs1026,BRCA1
28,uk1,rs1027,APOE
29,uk2,rs1028,HERC2
30,uk3,rs1029,ABO
31,uk1,rs1030,BRCA1
32,uk2,rs1031,APOE
33,uk3,rs1032,HERC2
34,uk1,rs1033,ABO
35,uk2,rs1034,BRCA1
36,uk3,rs1035,APOE
37,uk1,rs1036,HERC2
38,uk2,rs1037,ABO
39,uk3,rs1038,BRCA1
40,uk1,rs1039,APOE
41,uk2,rs1040,HERC2
42,uk3,rs1041,ABO
43,uk1,rs1042,BRCA1
44,uk2,rs1043,APOE
45,uk3,rs1044,HERC2
46,uk1,rs1045,ABO
47,uk2,rs1046,BRCA1
48,uk3,rs1047,APOE
49,uk1,rs1048,HERC2
50,uk2,rs1049,ABO
51,uk3,rs1050,BRCA1
52,uk1,rs1051,APOE
53,uk2,rs1052,HERC2
54,uk3,rs1053,ABO
55,uk1,rs1054,BRCA1
56,uk2,rs1055,APOE
57,uk3,rs1056,HERC2
58,uk1,rs1057,ABO
59,uk2,rs1058,BRCA1
60,uk3,rs1059,APOE
61,uk1,rs1060,HERC2
62,uk2,rs1061,ABO
63,uk3,rs1062,BRCA1
64,uk1,rs1063,APOE
65,uk2,rs1064,HERC2
66,uk3,rs1065,ABO
67,uk1,rs1066,BRCA1
68,uk2,rs1067,APOE
69,uk3,rs1068,HERC2
70,uk1,rs1069,ABO
71,uk2,rs1070,BRCA1
72,uk3,rs1071,APOE
73,uk1,rs1072,HERC2
74,uk2,rs1073,ABO
75,uk3,rs1074,BRCA1
76,uk1,rs1075,APOE
77,uk2,rs1076,HERC2
78,uk3,rs1077,ABO
79,uk1,rs1078,BRCA1
80,uk2,rs1079,APOE
81,uk3,rs1080,HERC2
82,uk1,rs1081,ABO
83,uk2,rs1082,BRCA1
84,uk3,rs1083,APOE
85,uk1,rs1084,HERC2
86,uk2,rs1085,ABO
87,uk3,rs1086,BRCA1
88,uk1,rs1087,APOE
89,uk2,rs1088,HERC2
90,uk3,rs1089,ABO
91,uk1,rs1090,BRCA1
92,uk2,rs1091,APOE
93,uk3,rs1092,HERC2
94,uk1,rs1093,ABO
95,uk2,rs1094,BRCA1
96,uk3,rs1095,APOE
97,uk1,rs1096,HERC2
98,uk2,rs1097,ABO
99,uk3,rs1098,BRCA1
100,uk1,rs1099,APOE
101,uk2,rs1100,HERC2
102,uk3,rs1101,ABO
103,uk1,rs1102,BRCA1
104,uk2,rs1103,APOE
105,uk3,rs1104,HERC2
106,uk1,rs1105,ABO
107,uk2,rs1106,BRCA1
108,uk3,rs1107,APOE
109,uk1,rs1108,HERC2
110,uk2,rs1109,ABO
111,uk3,rs1110,BRCA1
112,uk1,rs1111,APOE
113,uk2,rs1112,HERC2
114,uk3,rs1113,ABO
115,uk1,rs1114,BRCA1
116,uk2,rs1115,APOE
117,uk3,rs1116,HERC2
118,uk1,rs1117,ABO
119,uk2,rs1118,BRCA1
120,uk3,rs1119,APOE
121,uk1,rs1120,HERC2
122,uk2,rs1121,ABO
123,uk3,rs1122,BRCA1
124,uk1,rs1123,APOE
125,uk2,rs1124,HERC2
126,uk3,rs1125,ABO
127,uk1,rs1126,BRCA1
128,uk2,rs1127,APOE
129,uk3,rs1128,HERC2
130,uk1,rs1129,ABO
131,uk2,rs1130,BRCA1
132,uk3,rs1131,APOE
133,uk1,rs1132,HERC2
134,uk2,rs1133,ABO
135,uk3,rs1134,BRCA1
136,uk1,rs1135,APOE
137,uk2,rs1136,HERC2
138,uk3,rs1137,ABO
139,uk1,rs1138,BRCA1
140,uk2,rs1139,APOE
141,uk3,rs1140,HERC2
142,uk1,rs1141,ABO
143,uk2,rs1142,BRCA1
144,uk3,rs1143,APOE
145,uk1,rs1144,HERC2
146,uk2,rs1145,ABO
147,uk3,rs1146,BRCA1
148,uk1,rs1147,APOE
149,uk2,rs1148,HERC2
150,uk3,rs1149,ABO
151,uk1,rs1150,BRCA1
152,uk2,rs1151,APOE
153,uk3,rs1152,HERC2
154,uk1,rs1153,ABO
155,uk2,rs1154,BRCA1
156,uk3,rs1155,APOE
157,uk1,rs1156,HERC2
158,uk2,rs1157,ABO
159,uk3,rs1158,BRCA1
160,uk1,rs1159,APOE
161,uk2,rs1160,HERC2
162,uk3,rs1161,ABO
163,uk1,rs1162,BRCA1
164,uk2,rs1163,APOE
165,uk3,rs1164,HERC2
166,uk1,rs1165,ABO
167,uk2,rs1166,BRCA1
168,uk3,rs1167,APOE
169,uk1,rs1168,HERC2
170,uk2,rs1169,ABO
171,uk3,rs1170,BRCA1
172,uk1,rs1171,APOE
173,uk2,rs1172,HERC2
174,uk3,rs1173,ABO
175,uk1,rs1174,BRCA1
176,uk2,rs1175,APOE
177,uk3,rs1176,HERC2
178,uk1,rs1177,ABO
179,uk2,rs1178,BRCA1
180,uk3,rs1179,APOE
181,uk1,rs1180,HERC2
182,uk2,rs1181,ABO
183,uk3,rs1182,BRCA1
184,uk1,rs1183,APOE
185,uk2,rs1184,HERC2
186,uk3,rs1185,ABO
187,uk1,rs1186,BRCA1
188,uk2,rs1187,APOE
189,uk3,rs1188,HERC2
190,uk1,rs1189,ABO
191,uk2,rs1190,BRCA1
192,uk3,rs1191,APOE
193,uk1,rs1192,HERC2
194,uk2,rs1193,ABO
195,uk3,rs1194,BRCA1
196,uk1,rs1195,APOE
197,uk2,rs1196,HERC2
198,uk3,rs1197,ABO
199,uk1,rs1198,BRCA1
200,uk2,rs1199,APOE
201,uk3,rs1200,HERC2
202,uk1,rs1201,ABO
203,uk2,rs1202,BRCA1
204,uk3,rs1203,APOE
205,uk1,rs1204,HERC2
206,uk2,rs1205,ABO
207,uk3,rs1206,BRCA1
208,uk1,rs1207,APOE
209,uk2,rs1208,HERC2
210,uk3,rs1209,ABO
211,uk1,rs1210,BRCA1
212,uk2,rs1211,APOE
213,uk3,rs1212,HERC2
214,uk1,rs1213,ABO
215,uk2,rs1214,BRCA1
216,uk3,rs1215,APOE
217,uk1,rs1216,HERC2
218,uk2,rs1217,ABO
219,uk3,rs1218,BRCA1
220,uk1,rs1219,APOE
221,uk2,rs1220,HERC2
222,uk3,rs1221,ABO
223,uk1,rs1222,BRCA1
224,uk2,rs1223,APOE
225,uk3,rs1224,HERC2
226,uk1,rs1225,ABO
227,uk2,rs1226,BRCA1
228,uk3,rs1227,APOE
229,uk1,rs1228,HERC2
230,uk2,rs1229,ABO
231,uk3,rs1230,BRCA1
232,uk1,rs1231,APOE
233,uk2,rs1232,HERC2
234,uk3,rs1233,ABO
235,uk1,rs1234,BRCA1
236,uk2,rs1235,APOE
237,uk3,rs1236,HERC2
238,uk1,rs1237,ABO
239,uk2,rs1238,BRCA1
240,uk3,rs1239,APOE
241,uk1,rs1240,HERC2
242,uk2,rs1241,ABO
243,uk3,rs1242,BRCA1
244,uk1,rs1243,APOE
245,uk2,rs1244,HERC2
246,uk3,rs1245,ABO
247,uk1,rs1246,BRCA1
248,uk2,rs1247,APOE
249,uk3,rs1248,HERC2
250,uk1,rs1249,ABO
251,uk2,rs1250,BRCA1
252,uk3,rs1251,APOE
253,uk1,rs1252,HERC2
254,uk2,rs1253,ABO
255,uk3,rs1254,BRCA1
256,uk1,rs1255,APOE
257,uk2,rs1256,HERC2
258,uk3,rs1257,ABO
259,uk1,rs1258,BRCA1
260,uk2,rs1259,APOE
261,uk3,rs1260,HERC2
262,uk1,rs1261,ABO
263,uk2,rs1262,BRCA1
264,uk3,rs1263,APOE
265,uk1,rs1264,HERC2
266,uk2,rs1265,ABO
267,uk3,rs1266,BRCA1
268,uk1,rs1267,APOE
269,uk2,rs1268,HERC2
270,uk3,rs1269,ABO
271,uk1,rs1270,BRCA1
272,uk2,rs1271,APOE
273,uk3,rs1272,HERC2
274,uk1,rs1273,ABO
275,uk2,rs1274,BRCA1
276,uk3,rs1275,APOE
277,uk1,rs1276,HERC2
278,uk2,rs1277,ABO
279,uk3,rs1278,BRCA1
280,uk1,rs1279,APOE
281,uk2,rs1280,HERC2
282,uk3,rs1281,ABO
283,uk1,rs1282,BRCA1
284,uk2,rs1283,APOE
285,uk3,rs1284,HERC2
286,uk1,rs1285,ABO
287,uk2,rs1286,BRCA1
288,uk3,rs1287,APOE
289,uk1,rs1288,HERC2
290,uk2,rs1289,ABO
291,uk3,rs1290,BRCA1
292,uk1,rs1291,APOE
293,uk2,rs1292,HERC2
294,uk3,rs1293,ABO
295,uk1,rs1294,BRCA1
296,uk2,rs1295,APOE
297,uk3,rs1296,HERC2
298,uk1,rs1297,ABO
299,uk2,rs1298,BRCA1
300,uk3,rs1299,APOE
301,uk1,rs1300,HERC2
302,uk2,rs1301,ABO
303,uk3,rs1302,BRCA1
304,uk1,rs1303,APOE
305,uk2,rs1304,HERC2
306,uk3,rs1305,ABO
307,uk1,rs1306,BRCA1
308,uk2,rs1307,APOE
309,uk3,rs1308,HERC2
310,uk1,rs1309,ABO
311,uk2,rs1310,BRCA1
312,uk3,rs1311,APOE
313,uk1,rs1312,HERC2
314,uk2,rs1313,ABO
315,uk3,rs1314,BRCA1
316,uk1,rs1315,APOE
317,uk2,rs1316,HERC2
318,uk3,rs1317,ABO
319,uk1,rs1318,BRCA1
320,uk2,rs1319,APOE
321,uk3,rs1320,HERC2
322,uk1,rs1321,ABO
323,uk2,rs1322,BRCA1
324,uk3,rs1323,APOE
325,uk1,rs1324,HERC2
326,uk2,rs1325,ABO
327,uk3,rs1326,BRCA1
328,uk1,rs1327,APOE
329,uk2,rs1328,HERC2
330,uk3,rs1329,ABO
331,uk1,rs1330,BRCA1
332,uk2,rs1331,APOE
333,uk3,rs1332,HERC2
334,uk1,rs1333,ABO
335,uk2,rs1334,BRCA1
336,uk3,rs1335,APOE
337,uk1,rs1336,HERC2
338,uk2,rs1337,ABO
339,uk3,rs1338,BRCA1
340,uk1,rs1339,APOE
341,uk2,rs1340,HERC2
342,uk3,rs1341,ABO
343,uk1,rs1342,BRCA1
344,uk2,rs1343,APOE
345,uk3,rs1344,HERC2
346,uk1,rs1345,ABO
347,uk2,rs1346,BRCA1
348,uk3,rs1347,APOE
349,uk1,rs1348,HERC2
350,uk2,rs1349,ABO
351,uk3,rs1350,BRCA1
352,uk1,rs1351,APOE
353,uk2,rs1352,HERC2
354,uk3,rs1353,ABO
355,uk1,rs1354,BRCA1
356,uk2,rs1355,APOE
357,uk3,rs1356,HERC2
358,uk1,rs1357,ABO
359,uk2,rs1358,BRCA1
360,uk3,rs1359,APOE
361,uk1,rs1360,HERC2
362,uk2,rs1361,ABO
363,uk3,rs1362,BRCA1
364,uk1,rs1363,APOE
365,uk2,rs1364,HERC2
366,uk3,rs1365,ABO
367,uk1,rs1366,BRCA1
368,uk2,rs1367,APOE
369,uk3,rs1368,HERC2
370,uk1,rs1369,ABO
371,uk2,rs1370,BRCA1
372,uk3,rs1371,APOE
373,uk1,rs1372,HERC2
374,uk2,rs1373,ABO
375,uk3,rs1374,BRCA1
376,uk1,rs1375,APOE
377,uk2,rs1376,HERC2
378,uk3,rs1377,ABO
379,uk1,rs1378,BRCA1
380,uk2,rs1379,APOE
381,uk3,rs1380,HERC2
382,uk1,rs1381,ABO
383,uk2,rs1382,BRCA1
384,uk3,rs1383,APOE
385,uk1,rs1384,HERC2
386,uk2,rs1385,ABO
387,uk3,rs1386,BRCA1
388,uk1,rs1387,APOE
389,uk2,rs1388,HERC2
390,uk3,rs1389,ABO
391,uk1,rs1390,BRCA1
392,uk2,rs1391,APOE
393,uk3,rs1392,HERC2
394,uk1,rs1393,ABO
395,uk2,rs1394,BRCA1
396,uk3,rs1395,APOE
397,uk1,rs1396,HERC2
398,uk2,rs1397,ABO
399,uk3,rs1398,BRCA1
400,uk1,rs1399,APOE
401,uk2,rs1400,HERC2
402,uk3,rs1401,ABO
403,uk1,rs1402,BRCA1
404,uk2,rs1403,APOE
405,uk3,rs1404,HERC2
406,uk1,rs1405,ABO
407,uk2,rs1406,BRCA1
408,uk3,rs1407,APOE
409,uk1,rs1408,HERC2
410,uk2,rs1409,ABO
411,uk3,rs1410,BRCA1
412,uk1,rs1411,APOE
413,uk2,rs1412,HERC2
414,uk3,rs1413,ABO
415,uk1,rs1414,BRCA1
416,uk2,rs1415,APOE
417,uk3,rs1416,HERC2
418,uk1,rs1417,ABO
419,uk2,rs1418,BRCA1
420,uk3,rs1419,APOE
421,uk1,rs1420,HERC2
422,uk2,rs1421,ABO
423,uk3,rs1422,BRCA1
424,uk1,rs1423,APOE
425,uk2,rs1424,HERC2
426,uk3,rs1425,ABO
427,uk1,rs1426,BRCA1
428,uk2,rs1427,APOE
429,uk3,rs1428,HERC2
430,uk1,rs1429,ABO
431,uk2,rs1430,BRCA1
432,uk3,rs1431,APOE
433,uk1,rs1432,HERC2
434,uk2,rs1433,ABO
435,uk3,rs1434,BRCA1
436,uk1,rs1435,APOE
437,uk2,rs1436,HERC2
438,uk3,rs1437,ABO
439,uk1,rs1438,BRCA1
440,uk2,rs1439,APOE
441,uk3,rs1440,HERC2
442,uk1,rs1441,ABO
443,uk2,rs1442,BRCA1
444,uk3,rs1443,APOE
445,uk1,rs1444,HERC2
446,uk2,rs1445,ABO
447,uk3,rs1446,BRCA1
448,uk1,rs1447,APOE
449,uk2,rs1448,HERC2
450,uk3,rs1449,ABO
451,uk1,rs1450,BRCA1
452,uk2,rs1451,APOE
453,uk3,rs1452,HERC2
454,uk1,rs1453,ABO
455,uk2,rs1454,BRCA1
456,uk3,rs1455,APOE
457,uk1,rs1456,HERC2
458,uk2,rs1457,ABO
459,uk3,rs1458,BRCA1
460,uk1,rs1459,APOE
461,uk2,rs1460,HERC2
462,uk3,rs1461,ABO
463,uk1,rs1462,BRCA1
464,uk2,rs1463,APOE
465,uk3,rs1464,HERC2
466,uk1,rs1465,ABO
467,uk2,rs1466,BRCA1
468,uk3,rs1467,APOE
469,uk1,rs1468,HERC2
470,uk2,rs1469,ABO
471,uk3,rs1470,BRCA1
472,uk1,rs1471,APOE
473,uk2,rs1472,HERC2
474,uk3,rs1473,ABO
475,uk1,rs1474,BRCA1
476,uk2,rs1475,APOE
477,uk3,rs1476,HERC2
478,uk1,rs1477,ABO
479,uk2,rs1478,BRCA1
480,uk3,rs1479,APOE
481,uk1,rs1480,HERC2
482,uk2,rs1481,ABO
483,uk3,rs1482,BRCA1
484,uk1,rs1483,APOE
485,uk2,rs1484,HERC2
486,uk3,rs1485,ABO
487,uk1,rs1486,BRCA1
488,uk2,rs1487,APOE
489,uk3,rs1488,HERC2
490,uk1,rs1489,ABO
491,uk2,rs1490,BRCA1
492,uk3,rs1491,APOE
493,uk1,rs1492,HERC2
494,uk2,rs1493,ABO
495,uk3,rs1494,BRCA1
496,uk1,rs1495,APOE
497,uk2,rs1496,HERC2
498,uk3,rs1497,ABO
499,uk1,rs1498,BRCA1
500,uk2,rs1499,APOE
501,uk3,rs1500,HERC2
502,uk1,rs1501,ABO
503,uk2,rs1502,BRCA1
504,uk3,rs1503,APOE
505,uk1,rs1504,HERC2
506,uk2,rs1505,ABO
507,uk3,rs1506,BRCA1
508,uk1,rs1507,APOE
509,uk2,rs1508,HERC2
510,uk3,rs1509,ABO
511,uk1,rs1510,BRCA1
512,uk2,rs1511,APOE
513,uk3,rs1512,HERC2
514,uk1,rs1513,ABO
515,uk2,rs1514,BRCA1
516,uk3,rs1515,APOE
517,uk1,rs1516,HERC2
518,uk2,rs1517,ABO
519,uk3,rs1518,BRCA1
520,uk1,rs1519,APOE
521,uk2,rs1520,HERC2
522,uk3,rs1521,ABO
523,uk1,rs1522,BRCA1
524,uk2,rs1523,APOE
525,uk3,rs1524,HERC2
526,uk1,rs1525,ABO
527,uk2,rs1526,BRCA1
528,uk3,rs1527,APOE
529,uk1,rs1528,HERC2
530,uk2,rs1529,ABO
531,uk3,rs1530,BRCA1
532,uk1,rs1531,APOE
533,uk2,rs1532,HERC2
534,uk3,rs1533,ABO
535,uk1,rs1534,BRCA1
536,uk2,rs1535,APOE
537,uk3,rs1536,HERC2
538,uk1,rs1537,ABO
539,uk2,rs1538,BRCA1
540,uk3,rs1539,APOE
541,uk1,rs1540,HERC2
542,uk2,rs1541,ABO
543,uk3,rs1542,BRCA1
544,uk1,rs1543,APOE
545,uk2,rs1544,HERC2
546,uk3,rs1545,ABO
547,uk1,rs1546,BRCA1
548,uk2,rs1547,APOE
549,uk3,rs1548,HERC2
550,uk1,rs1549,ABO
551,uk2,rs1550,BRCA1
552,uk3,rs1551,APOE
553,uk1,rs1552,HERC2
554,uk2,rs1553,ABO
555,uk3,rs1554,BRCA1
556,uk1,rs1555,APOE
557,uk2,rs1556,HERC2
558,uk3,rs1557,ABO
559,uk1,rs1558,BRCA1
560,uk2,rs1559,APOE
561,uk3,rs1560,HERC2
562,uk1,rs1561,ABO
563,uk2,rs1562,BRCA1
564,uk3,rs1563,APOE
565,uk1,rs1564,HERC2
566,uk2,rs1565,ABO
567,uk3,rs1566,BRCA1
568,uk1,rs1567,APOE
569,uk2,rs1568,HERC2
570,uk3,rs1569,ABO
571,uk1,rs1570,BRCA1
572,uk2,rs1571,APOE
573,uk3,rs1572,HERC2
574,uk1,rs1573,ABO
575,uk2,rs1574,BRCA1
576,uk3,rs1575,APOE
577,uk1,rs1576,HERC2
578,uk2,rs1577,ABO
579,uk3,rs1578,BRCA1
580,uk1,rs1579,APOE
581,uk2,rs1580,HERC2
582,uk3,rs1581,ABO
583,uk1,rs1582,BRCA1
584,uk2,rs1583,APOE
585,uk3,rs1584,HERC2
586,uk1,rs1585,ABO
587,uk2,rs1586,BRCA1
588,uk3,rs1587,APOE
589,uk1,rs1588,HERC2
590,uk2,rs1589,ABO
591,uk3,rs1590,BRCA1
592,uk1,rs1591,APOE
593,uk2,rs1592,HERC2
594,uk3,rs1593,ABO
595,uk1,rs1594,BRCA1
596,uk2,rs1595,APOE
597,uk3,rs1596,HERC2
598,uk1,rs1597,ABO
599,uk2,rs1598,BRCA1
600,uk3,rs1599,APOE
601,uk1,rs1600,HERC2
602,uk2,rs1601,ABO
603,uk3,rs1602,BRCA1
604,uk1,rs1603,APOE
605,uk2,rs1604,HERC2
606,uk3,rs1605,ABO
607,uk1,rs1606,BRCA1
608,uk2,rs1607,APOE
609,uk3,rs1608,HERC2
610,uk1,rs1609,ABO
611,uk2,rs1610,BRCA1
612,uk3,rs1611,APOE
613,uk1,rs1612,HERC2
614,uk2,rs1613,ABO
615,uk3,rs1614,BRCA1
616,uk1,rs1615,APOE
617,uk2,rs1616,HERC2
618,uk3,rs1617,ABO
619,uk1,rs1618,BRCA1
620,uk2,rs1619,APOE
621,uk3,rs1620,HERC2
622,uk1,rs1621,ABO
623,uk2,rs1622,BRCA1
624,uk3,rs1623,APOE
625,uk1,rs1624,HERC2
626,uk2,rs1625,ABO
627,uk3,rs1626,BRCA1
628,uk1,rs1627,APOE
629,uk2,rs1628,HERC2
630,uk3,rs1629,ABO
631,uk1,rs1630,BRCA1
632,uk2,rs1631,APOE
633,uk3,rs1632,HERC2
634,uk1,rs1633,ABO
635,uk2,rs1634,BRCA1
636,uk3,rs1635,APOE
637,uk1,rs1636,HERC2
638,uk2,rs1637,ABO
639,uk3,rs1638,BRCA1
640,uk1,rs1639,APOE
641,uk2,rs1640,HERC2
642,uk3,rs1641,ABO
643,uk1,rs1642,BRCA1
644,uk2,rs1643,APOE
645,uk3,rs1644,HERC2
646,uk1,rs1645,ABO
647,uk2,rs1646,BRCA1
648,uk3,rs1647,APOE
649,uk1,rs1648,HERC2
650,uk2,rs1649,ABO
651,uk3,rs1650,BRCA1
652,uk1,rs1651,APOE
653,uk2,rs1652,HERC2
654,uk3,rs1653,ABO
655,uk1,rs1654,BRCA1
656,uk2,rs1655,APOE
657,uk3,rs1656,HERC2
658,uk1,rs1657,ABO
659,uk2,rs1658,BRCA1
660,uk3,rs1659,APOE
661,uk1,rs1660,HERC2
662,uk2,rs1661,ABO
663,uk3,rs1662,BRCA1
664,uk1,rs1663,APOE
665,uk2,rs1664,HERC2
666,uk3,rs1665,ABO
667,uk1,rs1666,BRCA1
668,uk2,rs1667,APOE
669,uk3,rs1668,HERC2
670,uk1,rs1669,ABO
671,uk2,rs1670,BRCA1
672,uk3,rs1671,APOE
673,uk1,rs1672,HERC2
674,uk2,rs1673,ABO
675,uk3,rs1674,BRCA1
676,uk1,rs1675,APOE
677,uk2,rs1676,HERC2
678,uk3,rs1677,ABO
679,uk1,rs1678,BRCA1
680,uk2,rs1679,APOE
681,uk3,rs1680,HERC2
682,uk1,rs1681,ABO
683,uk2,rs1682,BRCA1
684,uk3,rs1683,APOE
685,uk1,rs1684,HERC2
686,uk2,rs1685,ABO
687,uk3,rs1686,BRCA1
688,uk1,rs1687,APOE
689,uk2,rs1688,HERC2
690,uk3,rs1689,ABO
691,uk1,rs1690,BRCA1
692,uk2,rs1691,APOE
693,uk3,rs1692,HERC2
694,uk1,rs1693,ABO
695,uk2,rs1694,BRCA1
696,uk3,rs1695,APOE
697,uk1,rs1696,HERC2
698,uk2,rs1697,ABO
699,uk3,rs1698,BRCA1
700,uk1,rs1699,APOE
701,uk2,rs1700,HERC2
702,uk3,rs1701,ABO
703,uk1,rs1702,BRCA1
704,uk2,rs1703,APOE
705,uk3,rs1704,HERC2
706,uk1,rs1705,ABO
707,uk2,rs1706,BRCA1
708,uk3,rs1707,APOE
709,uk1,rs1708,HERC2
710,uk2,rs1709,ABO
711,uk3,rs1710,BRCA1
712,uk1,rs1711,APOE
713,uk2,rs1712,HERC2
714,uk3,rs1713,ABO
715,uk1,rs1714,BRCA1
716,uk2,rs1715,APOE
717,uk3,rs1716,HERC2
718,uk1,rs1717,ABO
719,uk2,rs1718,BRCA1
720,uk3,rs1719,APOE
721,uk1,rs1720,HERC2
722,uk2,rs1721,ABO
723,uk3,rs1722,BRCA1
724,uk1,rs1723,APOE
725,uk2,rs1724,HERC2
726,uk3,rs1725,ABO
727,uk1,rs1726,BRCA1
728,uk2,rs1727,APOE
729,uk3,rs1728,HERC2
730,uk1,rs1729,ABO
731,uk2,rs1730,BRCA1
732,uk3,rs1731,APOE
733,uk1,rs1732,HERC2
734,uk2,rs1733,ABO
735,uk3,rs1734,BRCA1
736,uk1,rs1735,APOE
737,uk2,rs1736,HERC2
738,uk3,rs1737,ABO
739,uk1,rs1738,BRCA1
740,uk2,rs1739,APOE
741,uk3,rs1740,HERC2
742,uk1,rs1741,ABO
743,uk2,rs1742,BRCA1
744,uk3,rs1743,APOE
745,uk1,rs1744,HERC2
746,uk2,rs1745,ABO
747,uk3,rs1746,BRCA1
748,uk1,rs1747,APOE
749,uk2,rs1748,HERC2
750,uk3,rs1749,ABO
751,uk1,rs1750,BRCA1
752,uk2,rs1751,APOE
753,uk3,rs1752,HERC2
754,uk1,rs1753,ABO
755,uk2,rs1754,BRCA1
756,uk3,rs1755,APOE
757,uk1,rs1756,HERC2
758,uk2,rs1757,ABO
759,uk3,rs1758,BRCA1
760,uk1,rs1759,APOE
761,uk2,rs1760,HERC2
762,uk3,rs1761,ABO
763,uk1,rs1762,BRCA1
764,uk2,rs1763,APOE
765,uk3,rs1764,HERC2
766,uk1,rs1765,ABO
767,uk2,rs1766,BRCA1
768,uk3,rs1767,APOE
769,uk1,rs1768,HERC2
770,uk2,rs1769,ABO
771,uk3,rs1770,BRCA1
772,uk1,rs1771,APOE
773,uk2,rs1772,HERC2
774,uk3,rs1773,ABO
775,uk1,rs1774,BRCA1
776,uk2,rs1775,APOE
777,uk3,rs1776,HERC2
778,uk1,rs1777,ABO
779,uk2,rs1778,BRCA1
780,uk3,rs1779,APOE
781,uk1,rs1780,HERC2
782,uk2,rs1781,ABO
783,uk3,rs1782,BRCA1
784,uk1,rs1783,APOE
785,uk2,rs1784,HERC2
786,uk3,rs1785,ABO
787,uk1,rs1786,BRCA1
788,uk2,rs1787,APOE
789,uk3,rs1788,HERC2
790,uk1,rs1789,ABO
791,uk2,rs1790,BRCA1
792,uk3,rs1791,APOE
793,uk1,rs1792,HERC2
794,uk2,rs1793,ABO
795,uk3,rs1794,BRCA1
796,uk1,rs1795,APOE
797,uk2,rs1796,HERC2
798,uk3,rs1797,ABO
799,uk1,rs1798,BRCA1
800,uk2,rs1799,APOE
801,uk3,rs1800,HERC2
802,uk1,rs1801,ABO
803,uk2,rs1802,BRCA1
804,uk3,rs1803,APOE
805,uk1,rs1804,HERC2
806,uk2,rs1805,ABO
807,uk3,rs1806,BRCA1
808,uk1,rs1807,APOE
809,uk2,rs1808,HERC2
810,uk3,rs1809,ABO
811,uk1,rs1810,BRCA1
812,uk2,rs1811,APOE
813,uk3,rs1812,HERC2
814,uk1,rs1813,ABO
815,uk2,rs1814,BRCA1
816,uk3,rs1815,APOE
817,uk1,rs1816,HERC2
818,uk2,rs1817,ABO
819,uk3,rs1818,BRCA1
820,uk1,rs1819,APOE
821,uk2,rs1820,HERC2
822,uk3,rs1821,ABO
823,uk1,rs1822,BRCA1
824,uk2,rs1823,APOE
825,uk3,rs1824,HERC2
826,uk1,rs1825,ABO
827,uk2,rs1826,BRCA1
828,uk3,rs1827,APOE
829,uk1,rs1828,HERC2
830,uk2,rs1829,ABO
831,uk3,rs1830,BRCA1
832,uk1,rs1831,APOE
833,uk2,rs1832,HERC2
834,uk3,rs1833,ABO
835,uk1,rs1834,BRCA1
836,uk2,rs1835,APOE
837,uk3,rs1836,HERC2
838,uk1,rs1837,ABO
839,uk2,rs1838,BRCA1
840,uk3,rs1839,APOE
841,uk1,rs1840,HERC2
842,uk2,rs1841,ABO
843,uk3,rs1842,BRCA1
844,uk1,rs1843,APOE
845,uk2,rs1844,HERC2
846,uk3,rs1845,ABO
847,uk1,rs1846,BRCA1
848,uk2,rs1847,APOE
849,uk3,rs1848,HERC2
850,uk1,rs1849,ABO
851,uk2,rs1850,BRCA1
852,uk3,rs1851,APOE
853,uk1,rs1852,HERC2
854,uk2,rs1853,ABO
855,uk3,rs1854,BRCA1
856,uk1,rs1855,APOE
857,uk2,rs1856,HERC2
858,uk3,rs1857,ABO
859,uk1,rs1858,BRCA1
860,uk2,rs1859,APOE
861,uk3,rs1860,HERC2
862,uk1,rs1861,ABO
863,uk2,rs1862,BRCA1
864,uk3,rs1863,APOE
865,uk1,rs1864,HERC2
866,uk2,rs1865,ABO
867,uk3,rs1866,BRCA1
868,uk1,rs1867,APOE
869,uk2,rs1868,HERC2
870,uk3,rs1869,ABO
871,uk1,rs1870,BRCA1
872,uk2,rs1871,APOE
873,uk3,rs1872,HERC2
874,uk1,rs1873,ABO
875,uk2,rs1874,BRCA1
876,uk3,rs1875,APOE
877,uk1,rs1876,HERC2
878,uk2,rs1877,ABO
879,uk3,rs1878,BRCA1
880,uk1,rs1879,APOE
881,uk2,rs1880,HERC2
882,uk3,rs1881,ABO
883,uk1,rs1882,BRCA1
884,uk2,rs1883,APOE
885,uk3,rs1884,HERC2
886,uk1,rs1885,ABO
887,uk2,rs1886,BRCA1
888,uk3,rs1887,APOE
889,uk1,rs1888,HERC2
890,uk2,rs1889,ABO
891,uk3,rs1890,BRCA1
892,uk1,rs1891,APOE
893,uk2,rs1892,HERC2
894,uk3,rs1893,ABO
895,uk1,rs1894,BRCA1
896,uk2,rs1895,APOE
897,uk3,rs1896,HERC2
898,uk1,rs1897,ABO
899,uk2,rs1898,BRCA1
900,uk3,rs1899,APOE
901,uk1,rs1900,HERC2
902,uk2,rs1901,ABO
903,uk3,rs1902,BRCA1
904,uk1,rs1903,APOE
905,uk2,rs1904,HERC2
906,uk3,rs1905,ABO
907,uk1,rs1906,BRCA1
908,uk2,rs1907,APOE
909,uk3,rs1908,HERC2
910,uk1,rs1909,ABO
911,uk2,rs1910,BRCA1
912,uk3,rs1911,APOE
913,uk1,rs1912,HERC2
914,uk2,rs1913,ABO
915,uk3,rs1914,BRCA1
916,uk1,rs1915,APOE
917,uk2,rs1916,HERC2
918,uk3,rs1917,ABO
919,uk1,rs1918,BRCA1
920,uk2,rs1919,APOE
921,uk3,rs1920,HERC2
922,uk1,rs1921,ABO
923,uk2,rs1922,BRCA1
924,uk3,rs1923,APOE
925,uk1,rs1924,HERC2
926,uk2,rs1925,ABO
927,uk3,rs1926,BRCA1
928,uk1,rs1927,APOE
929,uk2,rs1928,HERC2
930,uk3,rs1929,ABO
931,uk1,rs1930,BRCA1
932,uk2,rs1931,APOE
933,uk3,rs1932,HERC2
934,uk1,rs1933,ABO
935,uk2,rs1934,BRCA1
936,uk3,rs1935,APOE
937,uk1,rs1936,HERC2
938,uk2,rs1937,ABO
939,uk3,rs1938,BRCA1
940,uk1,rs1939,APOE
941,uk2,rs1940,HERC2
942,uk3,rs1941,ABO
943,uk1,rs1942,BRCA1
944,uk2,rs1943,APOE
945,uk3,rs1944,HERC2
946,uk1,rs1945,ABO
947,uk2,rs1946,BRCA1
948,uk3,rs1947,APOE
949,uk1,rs1948,HERC2
950,uk_ORPHAN,rs1949,ABO
951,uk_ORPHAN,rs1950,BRCA1
952,uk_ORPHAN,rs1951,APOE
953,uk_ORPHAN,rs1952,HERC2
954,uk_ORPHAN,rs1953,ABO
955,uk_ORPHAN,rs1954,BRCA1
956,uk_ORPHAN,rs1955,APOE
957,uk_ORPHAN,rs1956,HERC2
958,uk_ORPHAN,rs1957,ABO
959,uk_ORPHAN,rs1958,BRCA1
960,uk_ORPHAN,rs1959,APOE
961,uk_ORPHAN,rs1960,HERC2
962,uk_ORPHAN,rs1961,ABO
963,uk_ORPHAN,rs1962,BRCA1
964,uk_ORPHAN,rs1963,APOE
965,uk_ORPHAN,rs1964,HERC2
966,uk_ORPHAN,rs1965,ABO
967,uk_ORPHAN,rs1966,BRCA1
968,uk_ORPHAN,rs1967,APOE
969,uk_ORPHAN,rs1968,HERC2
970,uk_ORPHAN,rs1969,ABO
971,uk_ORPHAN,rs1970,BRCA1
972,uk_ORPHAN,rs1971,APOE
973,uk_ORPHAN,rs1972,HERC2
974,uk_ORPHAN,rs1973,ABO
975,uk_ORPHAN,rs1974,BRCA1
976,uk_ORPHAN,rs1975,APOE
977,uk_ORPHAN,rs1976,HERC2
978,uk_ORPHAN,rs1977,ABO
979,uk_ORPHAN,rs1978,BRCA1
980,uk_ORPHAN,rs1979,APOE
981,uk_ORPHAN,rs1980,HERC2
982,uk_ORPHAN,rs1981,ABO
983,uk_ORPHAN,rs1982,BRCA1
984,uk_ORPHAN,rs1983,APOE
985,uk_ORPHAN,rs1984,HERC2
986,uk_ORPHAN,rs1985,ABO
987,uk_ORPHAN,rs1986,BRCA1
988,uk_ORPHAN,rs1987,APOE
989,uk_ORPHAN,rs1988,HERC2
990,uk_ORPHAN,rs1989,ABO
991,uk_ORPHAN,rs1990,BRCA1
992,uk_ORPHAN,rs1991,APOE
993,uk_ORPHAN,rs1992,HERC2
994,uk_ORPHAN,rs1993,ABO
995,uk_ORPHAN,rs1994,BRCA1
996,uk_ORPHAN,rs1995,APOE
997,uk_ORPHAN,rs1996,HERC2
998,uk_ORPHAN,rs1997,ABO
999,uk_ORPHAN,rs1998,BRCA1
1000,uk_ORPHAN,rs1999,APOE
